user_52442c39,84662386-ee4
user_1abe7b20,66280cc9-455
user_cf298a8b,ec4373d9-4bf
user_c9d838c9,15ca52a6-b61
user_02052eb5,f589091e-9a4
user_4008faef,273b91b5-d9b
user_0f8e4dbe,8948f7b3-425
user_b0ef3a86,637cb075-55d
user_e9524f5b,abca9803-fef
user_a49b3799,6db57380-b2f
user_54ddd5c6,a419729c-98a
user_d87a1a6c,a36e78de-88e
user_658af709,9f3f65f6-74d
user_621d91a9,ff519e13-858
user_4d99f83e,68051f2c-f0d
user_6419129f,502a60de-c7e
user_d305455c,8291b85a-37c
user_4a5f8988,2f876a77-840
user_fa1fae15,bd257793-824
user_865e8d07,cc89bf13-dc3
user_fea81794,04fa925a-4a7
user_f9b394e8,540f393f-9f4
user_6eb76fd2,e396a792-935
user_b406be03,db33f080-291
user_c45b9777,2428d090-f86
user_5115a66a,e7696c5d-ced
user_1806c3fc,78636582-8ec
user_42e5ab83,9ee9abc8-832
user_a962f3e1,94723068-690
user_bd9dd781,25555c2e-273
user_4eb028ed,166cf529-735
user_9565af12,ff78a183-730
user_09efe062,30f368f1-24c
user_772e4bf5,a9127f19-fbb
user_db060b43,e28ff474-f2d
user_7e7aaef4,02e4296c-c29
user_f1ae7ac1,59e4b132-16a
user_d4fd3ce0,44536bb1-5e2
user_e28983b6,bcf4b16f-181
user_31ac81ab,4d9d152a-53c
user_04670f73,266e7d37-3fb
user_94a83e20,7b1a7816-43a
user_9f27a19d,5bf8d0cb-1c6
user_03beed3b,bdd03ce9-433
user_504dc3f2,898acd64-c02
user_152fa852,cc69b402-3ab
user_3b3712d7,b5eda830-40d
user_a7b0a9a5,916ee545-fc4
user_64560f41,ccac3f8b-4e6
user_3c2a8979,679d9b97-da5
user_57efba15,08e80ca4-90b
user_5ae6aabe,61709b34-1d6
user_a79fc35d,d2786517-f7e
user_7c224d63,0960cf83-144
user_88b2f49d,b70e5b44-696
